1,./aligned-images/chad-smith/0.png
1,./aligned-images/chad-smith/download.png
1,./aligned-images/chad-smith/rs-2726-rectangle.png
1,./aligned-images/chad-smith/smith-chad-large.png
1,./aligned-images/chad-smith/images (4).png
1,./aligned-images/chad-smith/images (2).png
1,./aligned-images/chad-smith/Chad Smith.png
1,./aligned-images/chad-smith/chad-smith-sized.png
1,./aligned-images/chad-smith/oPs9ZKFq5WmJAcq5aOLNxWmpCoR.png
1,./aligned-images/chad-smith/images (6).png
1,./aligned-images/chad-smith/307737509_small.png
1,./aligned-images/chad-smith/chad-smith-1.png
1,./aligned-images/chad-smith/images (3).png
1,./aligned-images/chad-smith/images (1).png
1,./aligned-images/chad-smith/images.png
1,./aligned-images/chad-smith/images (5).png
1,./aligned-images/chad-smith/images (7).png
1,./aligned-images/chad-smith/1360.png
2,./aligned-images/donald-trump/images (34).png
2,./aligned-images/donald-trump/images (14).png
2,./aligned-images/donald-trump/images (5).png
2,./aligned-images/donald-trump/9k=.png
2,./aligned-images/donald-trump/images (23).png
2,./aligned-images/donald-trump/Z (7).png
2,./aligned-images/donald-trump/images (32).png
2,./aligned-images/donald-trump/images (15).png
2,./aligned-images/donald-trump/images (9).png
2,./aligned-images/donald-trump/Z (1).png
2,./aligned-images/donald-trump/2Q== (3).png
2,./aligned-images/donald-trump/images (28).png
2,./aligned-images/donald-trump/images (25).png
2,./aligned-images/donald-trump/images (18).png
2,./aligned-images/donald-trump/images (22).png
2,./aligned-images/donald-trump/2Q== (5).png
2,./aligned-images/donald-trump/images (8).png
2,./aligned-images/donald-trump/images (13).png
2,./aligned-images/donald-trump/2Q==.png
2,./aligned-images/donald-trump/Z (4).png
2,./aligned-images/donald-trump/images (27).png
2,./aligned-images/donald-trump/images (24).png
2,./aligned-images/donald-trump/Z (2).png
2,./aligned-images/donald-trump/images (31).png
2,./aligned-images/donald-trump/9k= (1).png
2,./aligned-images/donald-trump/images (16).png
2,./aligned-images/donald-trump/9k= (2).png
2,./aligned-images/donald-trump/images (3).png
2,./aligned-images/donald-trump/images (35).png
2,./aligned-images/donald-trump/2Q== (4).png
2,./aligned-images/donald-trump/images (10).png
2,./aligned-images/donald-trump/images (19).png
2,./aligned-images/donald-trump/images (11).png
2,./aligned-images/donald-trump/images.png
2,./aligned-images/donald-trump/images (7).png
2,./aligned-images/donald-trump/images (26).png
2,./aligned-images/donald-trump/images (20).png
2,./aligned-images/donald-trump/images (17).png
2,./aligned-images/donald-trump/images (2).png
2,./aligned-images/donald-trump/Z (3).png
2,./aligned-images/donald-trump/images (33).png
2,./aligned-images/donald-trump/2Q== (2).png
2,./aligned-images/donald-trump/images (12).png
2,./aligned-images/donald-trump/9k= (3).png
2,./aligned-images/donald-trump/images (29).png
2,./aligned-images/donald-trump/images (30).png
3,./aligned-images/barack-obama/images (38).png
3,./aligned-images/barack-obama/9k=.png
3,./aligned-images/barack-obama/images (34).png
3,./aligned-images/barack-obama/9k= (1).png
3,./aligned-images/barack-obama/images (11).png
3,./aligned-images/barack-obama/images (27).png
3,./aligned-images/barack-obama/images (2).png
3,./aligned-images/barack-obama/images (4).png
3,./aligned-images/barack-obama/images (31).png
3,./aligned-images/barack-obama/Z (3).png
3,./aligned-images/barack-obama/images (16).png
3,./aligned-images/barack-obama/images (36).png
3,./aligned-images/barack-obama/2Q== (2).png
3,./aligned-images/barack-obama/Z (2).png
3,./aligned-images/barack-obama/images (12).png
3,./aligned-images/barack-obama/images (23).png
3,./aligned-images/barack-obama/images (30).png
3,./aligned-images/barack-obama/images (26).png
3,./aligned-images/barack-obama/images (3).png
3,./aligned-images/barack-obama/images (25).png
3,./aligned-images/barack-obama/9k= (2).png
3,./aligned-images/barack-obama/9k= (5).png
3,./aligned-images/barack-obama/2Q== (5).png
3,./aligned-images/barack-obama/2Q== (3).png
3,./aligned-images/barack-obama/2Q== (7).png
3,./aligned-images/barack-obama/images (14).png
3,./aligned-images/barack-obama/images (7).png
3,./aligned-images/barack-obama/images (10).png
3,./aligned-images/barack-obama/images (9).png
3,./aligned-images/barack-obama/2Q==.png
3,./aligned-images/barack-obama/images.png
3,./aligned-images/barack-obama/images (33).png
3,./aligned-images/barack-obama/2Q== (1).png
3,./aligned-images/barack-obama/images (35).png
3,./aligned-images/barack-obama/images (17).png
3,./aligned-images/barack-obama/9k= (6).png
3,./aligned-images/barack-obama/9k= (3).png
3,./aligned-images/barack-obama/Z (1).png
3,./aligned-images/barack-obama/images (18).png
3,./aligned-images/barack-obama/images (37).png
3,./aligned-images/barack-obama/9k= (4).png
3,./aligned-images/barack-obama/images (1).png
3,./aligned-images/barack-obama/images (8).png
3,./aligned-images/barack-obama/images (6).png
3,./aligned-images/barack-obama/2Q== (4).png
3,./aligned-images/barack-obama/2Q== (6).png
